author,filename,a,all,also,an,and,any,are,as,at,be,been,but,by,can,do,down,even,every,for,from,had,has,have,her,his,if,in,into,is,it,its,may,more,must,my,no,not,now,of,on,one,only,or,our,shall,should,so,some,such,than,that,the,their,then,there,things,this,to,up,upon,was,were,what,when,which,who,will,with,would,your
dispt,dispt_fed_49.txt,0.28,0.052,0.009,0.096,0.358,0.026,0.131,0.122,0.017,0.411,0.026,0.009,0.14,0.035,0.026,0,0.009,0.044,0.096,0.044,0.035,0.017,0.044,0,0.017,0,0.262,0.009,0.157,0.175,0.07,0.035,0.026,0.026,0,0.035,0.114,0,0.9,0.14,0.026,0.035,0.096,0.017,0.017,0.017,0.035,0.009,0.026,0.009,0.184,1.425,0.114,0,0.009,0.009,0.044,0.507,0,0,0.009,0.017,0,0.009,0.175,0.044,0.009,0.087,0.192,0
dispt,dispt_fed_50.txt,0.177,0.063,0.013,0.038,0.393,0.063,0.051,0.139,0.114,0.393,0.165,0,0.139,0,0.013,0,0.025,0,0.076,0.101,0.101,0.013,0.152,0,0,0.025,0.291,0.025,0.038,0.127,0.038,0.038,0,0.013,0,0,0.127,0,0.747,0.139,0.025,0,0.114,0,0,0.013,0.013,0.063,0,0,0.152,1.254,0.165,0,0,0,0.051,0.355,0,0.013,0.051,0,0,0,0.114,0.038,0.089,0.063,0.139,0
dispt,dispt_fed_51.txt,0.339,0.09,0.008,0.03,0.301,0.008,0.068,0.203,0.023,0.474,0.015,0.038,0.173,0.023,0,0.008,0.015,0.023,0.098,0.053,0.008,0.015,0.023,0,0,0.023,0.308,0.038,0.15,0.173,0.03,0.12,0.038,0.083,0,0.03,0.068,0,0.858,0.15,0.03,0.023,0.06,0,0.008,0.068,0.038,0.03,0.045,0.023,0.188,1.49,0.053,0.015,0.015,0,0.075,0.361,0,0,0.008,0.015,0.008,0,0.105,0.008,0.173,0.045,0.068,0
dispt,dispt_fed_52.txt,0.27,0.024,0.016,0.024,0.262,0.056,0.064,0.111,0.056,0.365,0.127,0.032,0.167,0.056,0,0,0.024,0.04,0.103,0.079,0.016,0.024,0.143,0,0.024,0.04,0.238,0.008,0.151,0.222,0.048,0.056,0.056,0.071,0,0.032,0.087,0,0.802,0.143,0.032,0.048,0.064,0.016,0.016,0.032,0.04,0.024,0.008,0,0.238,1.326,0.071,0.008,0,0,0.103,0.532,0,0,0.087,0.079,0.008,0.024,0.167,0,0.079,0.079,0.064,0
dispt,dispt_fed_53.txt,0.303,0.054,0.027,0.034,0.404,0.04,0.128,0.148,0.013,0.344,0.047,0.061,0.209,0.088,0,0,0.02,0.027,0.141,0.074,0,0.054,0.047,0,0.02,0.034,0.263,0.013,0.189,0.108,0.013,0.047,0.067,0.013,0,0.047,0.128,0,0.869,0.054,0.047,0.027,0.081,0.027,0,0,0.027,0.067,0.027,0.047,0.162,1.193,0.027,0.007,0.007,0,0.094,0.485,0,0,0.027,0.02,0.02,0.007,0.155,0.027,0.168,0.074,0.04,0
dispt,dispt_fed_54.txt,0.245,0.059,0.007,0.067,0.282,0.052,0.111,0.252,0.015,0.297,0.03,0.037,0.186,0,0,0.007,0.007,0.007,0.067,0.096,0.022,0.015,0.119,0,0.067,0.03,0.401,0.037,0.26,0.156,0.015,0.074,0.045,0.015,0,0.059,0.134,0,0.876,0.141,0.052,0.022,0.074,0.03,0.015,0.03,0.007,0.045,0.015,0.03,0.208,1.469,0.089,0.007,0.007,0,0.126,0.445,0,0,0.007,0.03,0.015,0.037,0.186,0.045,0.111,0.089,0.037,0
dispt,dispt_fed_55.txt,0.349,0.036,0.007,0.029,0.335,0.058,0.087,0.073,0.116,0.378,0.044,0.007,0.102,0.058,0.015,0,0.007,0.087,0.116,0.08,0.015,0.036,0.044,0.007,0,0.029,0.189,0,0.167,0.102,0,0.08,0.08,0.044,0.007,0.022,0.102,0.007,0.902,0.051,0.073,0.007,0.153,0.051,0.007,0.007,0.051,0.007,0.015,0.109,0.233,1.259,0.109,0.015,0.036,0,0.08,0.56,0.007,0,0.015,0.029,0.015,0.007,0.211,0.022,0.145,0.073,0.073,0
dispt,dispt_fed_56.txt,0.414,0.083,0.009,0.018,0.478,0.046,0.11,0.074,0.037,0.331,0.046,0.055,0.092,0.037,0.028,0,0.018,0.064,0.055,0.083,0.009,0.037,0.074,0,0.018,0,0.267,0.037,0.083,0.165,0.046,0.092,0.064,0.018,0,0.018,0.101,0,1.029,0.083,0.046,0.046,0.037,0,0,0,0.018,0.028,0,0.055,0.165,1.176,0.083,0.009,0.028,0,0.11,0.34,0,0,0.018,0.009,0.009,0,0.175,0.018,0.267,0.129,0.037,0
dispt,dispt_fed_57.txt,0.248,0.04,0.007,0.04,0.356,0.034,0.154,0.161,0.047,0.289,0.027,0.027,0.168,0.047,0,0,0,0.081,0.127,0.074,0.007,0.02,0.074,0.034,0.02,0,0.248,0.013,0.208,0.134,0.02,0.027,0.06,0.027,0,0.02,0.094,0.007,1.02,0.127,0.06,0.02,0.154,0.007,0.02,0,0.04,0.027,0.013,0.067,0.208,1.423,0.154,0.007,0.02,0,0.067,0.49,0,0,0.027,0.007,0.02,0.02,0.201,0.04,0.154,0.027,0.04,0
dispt,dispt_fed_62.txt,0.442,0.062,0.006,0.075,0.423,0.037,0.093,0.1,0.031,0.379,0.025,0.037,0.174,0.056,0,0,0.006,0.05,0.1,0.124,0,0.019,0.044,0.025,0.05,0.025,0.274,0.037,0.23,0.131,0.019,0.106,0.081,0.068,0,0.044,0.106,0.012,0.902,0.118,0.031,0.012,0.081,0.025,0,0.012,0.05,0.025,0.031,0.044,0.218,1.089,0.081,0.012,0,0.012,0.093,0.498,0,0,0,0,0.025,0.012,0.199,0.031,0.106,0.081,0.031,0
dispt,dispt_fed_63.txt,0.276,0.048,0.015,0.082,0.324,0.044,0.058,0.135,0.048,0.29,0.053,0.044,0.227,0.068,0.005,0,0.019,0.029,0.121,0.073,0.034,0.024,0.102,0.01,0,0.029,0.295,0.029,0.169,0.145,0.082,0.087,0.019,0.058,0,0.029,0.126,0.005,0.832,0.092,0.044,0.053,0.082,0.01,0.005,0.01,0.029,0.058,0.048,0.039,0.242,1.273,0.073,0.01,0.029,0.005,0.077,0.406,0.01,0,0.044,0.024,0.005,0.015,0.174,0.015,0.092,0.077,0.053,0
Hamilton,Hamilton_fed_1.txt,0.213,0.083,0,0.083,0.343,0.056,0.111,0.093,0.065,0.315,0.028,0,0.13,0.028,0.009,0,0.019,0.028,0.093,0.102,0.009,0.056,0.093,0,0,0.028,0.232,0.019,0.12,0.139,0.074,0.102,0.065,0.028,0.056,0.028,0.13,0,0.908,0.074,0.028,0,0.056,0.028,0.065,0.009,0.019,0,0.009,0.102,0.241,1.094,0.13,0,0.019,0,0.083,0.575,0,0.056,0,0,0,0.009,0.158,0.074,0.222,0.046,0.019,0.074
Hamilton,Hamilton_fed_11.txt,0.369,0.07,0.006,0.076,0.411,0.023,0.053,0.117,0.065,0.258,0.018,0.023,0.106,0.029,0.012,0,0.018,0.012,0.106,0.111,0.006,0.047,0.088,0.076,0.006,0.029,0.387,0.023,0.053,0.088,0.035,0.053,0.053,0.012,0,0.029,0.117,0.006,1.061,0.029,0.029,0.029,0.07,0.199,0.018,0.018,0.029,0.006,0.029,0.035,0.141,1.044,0.059,0.012,0.023,0.006,0.106,0.481,0,0.035,0,0.012,0.012,0.012,0.147,0.029,0.094,0.129,0.27,0
Hamilton,Hamilton_fed_12.txt,0.305,0.047,0.007,0.068,0.386,0.047,0.102,0.108,0.088,0.271,0.054,0.041,0.095,0.014,0,0,0.014,0.027,0.054,0.129,0.02,0.088,0.088,0.007,0.014,0.027,0.311,0.047,0.149,0.142,0.047,0.02,0.034,0.108,0.007,0.007,0.041,0.007,0.961,0.081,0.027,0,0.047,0.034,0.007,0.027,0.041,0.014,0.02,0.027,0.176,1.097,0.095,0,0.041,0.014,0.095,0.555,0,0.041,0,0,0.007,0,0.156,0.007,0.074,0.122,0.149,0
Hamilton,Hamilton_fed_13.txt,0.391,0.045,0.015,0.03,0.27,0.045,0.06,0.09,0.015,0.376,0.03,0.03,0.075,0.06,0.015,0,0,0.045,0.03,0.075,0,0.03,0.06,0.15,0,0.045,0.24,0.105,0.135,0.09,0.03,0.12,0.09,0.045,0,0.045,0.075,0,0.887,0.045,0.135,0,0.045,0,0.045,0,0.045,0,0.015,0.15,0.27,1.052,0.015,0,0.105,0,0.03,0.646,0.015,0.03,0,0,0,0.045,0.165,0.045,0.135,0.15,0.21,0
Hamilton,Hamilton_fed_15.txt,0.327,0.096,0,0.086,0.356,0.014,0.086,0.072,0.115,0.211,0.067,0.034,0.154,0.067,0.019,0.005,0.014,0.038,0.086,0.101,0.01,0.062,0.144,0,0.005,0.014,0.317,0.019,0.207,0.096,0.038,0.034,0.029,0.043,0.014,0.029,0.077,0.01,0.947,0.048,0.005,0.038,0.183,0.091,0.005,0.029,0.01,0.01,0.005,0.048,0.178,1.163,0.034,0,0.072,0.01,0.086,0.557,0.005,0.048,0.014,0.038,0.014,0.019,0.264,0.029,0.091,0.086,0.062,0.01
Hamilton,Hamilton_fed_16.txt,0.26,0.065,0,0.087,0.274,0.079,0.022,0.13,0.079,0.397,0.051,0.036,0.094,0.007,0.014,0.007,0.029,0.007,0.065,0.079,0.036,0.051,0.087,0,0,0.058,0.274,0.022,0.101,0.188,0.116,0.036,0.043,0.065,0,0.029,0.137,0.007,1.04,0.029,0.014,0.022,0.123,0.007,0.007,0.043,0.022,0.022,0.022,0.029,0.116,1.322,0.087,0,0.022,0,0.101,0.628,0,0.043,0,0.051,0.014,0.014,0.159,0.036,0.043,0.094,0.26,0
Hamilton,Hamilton_fed_17.txt,0.261,0.108,0,0.072,0.467,0.018,0.045,0.027,0.063,0.216,0.027,0.009,0.081,0.018,0,0,0,0.009,0.099,0.045,0.018,0.036,0.036,0,0.063,0.018,0.252,0.027,0.099,0.09,0.054,0.036,0.081,0.009,0.009,0,0.036,0,0.998,0.018,0.018,0,0.117,0.018,0.009,0.018,0.036,0.009,0,0.045,0.189,1.366,0.09,0,0.018,0.009,0.045,0.521,0,0.045,0.054,0.036,0.009,0,0.216,0.018,0.117,0.09,0.108,0
Hamilton,Hamilton_fed_21.txt,0.449,0.022,0,0.074,0.353,0.044,0.059,0.133,0.029,0.295,0.081,0.015,0.162,0.066,0.015,0,0.015,0.022,0.037,0.118,0.007,0.066,0.066,0.007,0.015,0.044,0.331,0,0.199,0.103,0.081,0.081,0.022,0.029,0,0.081,0.059,0.022,1.119,0.044,0.007,0.015,0.147,0.007,0.037,0.037,0.052,0.022,0.022,0.029,0.177,1.23,0.059,0,0.029,0.015,0.096,0.39,0,0.044,0.007,0.015,0.015,0.007,0.147,0.022,0.044,0.11,0.088,0
Hamilton,Hamilton_fed_22.txt,0.392,0.05,0.004,0.075,0.329,0.029,0.075,0.104,0.05,0.221,0.067,0.05,0.125,0.025,0.008,0,0.021,0.029,0.088,0.096,0.013,0.083,0.058,0.004,0.029,0.025,0.321,0.017,0.192,0.146,0.067,0.083,0.025,0.038,0.004,0.021,0.104,0.004,1.008,0.038,0.038,0.004,0.088,0.05,0.008,0.033,0.038,0.017,0.038,0.046,0.221,1.125,0.092,0.004,0.054,0.008,0.108,0.579,0.004,0.05,0.029,0.038,0.017,0.008,0.15,0.013,0.046,0.083,0.083,0
Hamilton,Hamilton_fed_23.txt,0.194,0.081,0,0.089,0.413,0.065,0.138,0.186,0.024,0.356,0.049,0.024,0.089,0.089,0,0,0,0.024,0.13,0.049,0.008,0.041,0.081,0,0,0.016,0.211,0.016,0.154,0.154,0.089,0.049,0.016,0.073,0,0.016,0.081,0.008,0.81,0.016,0.024,0,0.049,0.057,0.008,0.016,0.008,0.008,0.057,0,0.227,1.45,0.065,0,0.032,0,0.073,0.753,0,0.057,0.032,0.008,0,0,0.243,0.016,0.122,0.13,0.032,0
Hamilton,Hamilton_fed_24.txt,0.361,0.059,0.007,0.066,0.42,0.044,0.074,0.088,0.052,0.383,0.029,0.037,0.103,0.022,0.015,0,0.037,0.007,0.074,0.074,0.037,0.066,0.088,0.007,0.037,0.044,0.406,0.007,0.074,0.133,0.029,0.029,0.007,0.044,0,0.015,0.088,0.022,0.877,0.066,0.059,0.022,0.088,0.088,0.007,0.044,0.029,0.029,0.029,0.029,0.243,1.04,0.096,0,0.037,0,0.147,0.649,0.029,0.052,0.052,0,0,0,0.111,0.007,0.059,0.037,0.184,0
Hamilton,Hamilton_fed_25.txt,0.329,0.037,0.007,0.052,0.329,0.03,0.105,0.165,0.082,0.389,0.045,0.022,0.165,0.022,0.007,0,0.022,0.007,0.075,0.09,0.03,0.037,0.082,0.022,0,0,0.285,0.007,0.127,0.15,0.067,0.022,0.015,0.037,0,0.015,0.06,0,0.936,0.075,0.015,0.015,0.105,0.075,0.037,0.037,0.007,0.037,0.03,0.03,0.225,1.205,0.082,0.015,0.007,0.015,0.112,0.674,0.03,0.007,0.03,0.007,0.007,0.015,0.112,0.007,0.075,0.06,0.157,0
Hamilton,Hamilton_fed_26.txt,0.329,0.051,0,0.133,0.297,0.063,0.038,0.088,0.063,0.335,0.051,0.038,0.133,0.019,0,0,0.032,0.025,0.133,0.063,0.044,0.038,0.101,0,0.038,0.082,0.398,0.051,0.139,0.209,0.025,0.063,0.019,0.025,0,0.025,0.133,0,0.929,0.044,0.032,0.032,0.076,0.032,0.006,0.038,0.063,0.025,0.057,0.032,0.265,1.195,0.063,0.019,0.051,0,0.088,0.6,0.032,0.038,0.063,0.044,0.006,0.019,0.133,0.019,0.07,0.051,0.101,0
Hamilton,Hamilton_fed_27.txt,0.27,0.04,0,0.05,0.32,0.07,0.1,0.08,0.04,0.34,0.06,0.04,0.14,0.11,0,0.01,0,0,0.07,0.05,0,0.02,0.05,0,0.03,0.03,0.31,0.03,0.14,0.15,0.15,0.04,0.08,0.02,0,0.03,0.02,0,0.94,0.04,0.01,0.04,0.14,0,0,0.02,0.02,0.01,0.03,0.07,0.38,1.47,0.06,0,0.08,0.01,0.08,0.63,0,0.04,0.01,0,0.02,0.01,0.19,0.01,0.34,0.06,0.03,0
Hamilton,Hamilton_fed_28.txt,0.299,0.127,0,0.109,0.308,0.018,0.054,0.091,0.063,0.371,0.036,0.027,0.063,0.109,0.009,0,0.018,0,0.127,0.054,0.027,0.045,0.1,0.027,0,0.036,0.353,0.009,0.118,0.145,0.072,0.063,0.081,0.063,0,0.054,0.072,0,0.887,0.009,0.036,0.018,0.072,0.009,0,0.072,0.009,0,0.018,0.027,0.172,1.43,0.118,0.018,0.063,0,0.054,0.597,0,0.027,0.009,0.018,0.018,0.009,0.127,0.027,0.118,0.081,0.081,0
Hamilton,Hamilton_fed_29.txt,0.325,0.027,0,0.095,0.379,0.041,0.061,0.176,0.068,0.339,0.041,0.027,0.047,0.075,0,0,0.034,0,0.115,0.088,0.014,0.034,0.047,0,0.014,0.041,0.257,0.027,0.203,0.23,0.041,0.047,0.014,0.007,0.007,0.034,0.061,0,1.016,0.02,0.027,0.027,0.108,0.041,0.02,0.054,0.054,0.007,0.027,0.014,0.196,1.436,0.095,0,0.068,0,0.068,0.718,0,0.068,0.027,0.041,0.007,0.014,0.108,0.061,0.075,0.081,0.129,0
Hamilton,Hamilton_fed_30.txt,0.263,0.038,0,0.053,0.338,0.06,0.053,0.165,0.038,0.36,0.075,0.045,0.105,0.083,0,0,0.008,0.053,0.173,0.053,0,0.068,0.083,0,0.015,0.023,0.33,0.045,0.113,0.173,0.15,0.068,0.023,0.09,0,0.038,0.053,0,0.833,0.06,0.038,0.008,0.15,0.023,0,0.03,0.015,0.008,0.03,0.023,0.233,1.178,0.06,0.008,0.038,0,0.12,0.54,0,0.098,0.023,0.008,0.015,0.008,0.15,0.038,0.075,0.09,0.165,0
Hamilton,Hamilton_fed_31.txt,0.196,0.077,0,0.102,0.358,0.043,0.154,0.128,0.043,0.307,0.043,0.026,0.077,0.017,0.009,0,0.017,0.034,0.051,0.085,0,0.009,0.094,0,0,0.017,0.401,0.043,0.196,0.179,0.068,0.085,0.009,0.068,0,0.026,0.102,0,0.887,0.043,0.017,0.026,0.111,0.017,0,0.051,0.06,0.026,0.034,0.051,0.256,1.356,0.085,0,0.051,0.009,0.102,0.682,0.009,0.102,0,0,0.026,0.009,0.171,0.017,0.051,0.094,0.043,0
Hamilton,Hamilton_fed_32.txt,0.344,0.059,0,0.138,0.374,0.049,0.02,0.03,0.02,0.295,0.039,0.089,0.098,0.01,0,0,0.01,0.02,0.039,0.089,0.02,0.02,0.049,0,0,0.049,0.384,0.01,0.157,0.197,0.03,0.02,0,0.01,0,0.059,0.148,0.02,0.895,0.118,0.039,0.039,0.089,0,0.039,0.03,0,0,0.049,0.01,0.315,1.377,0.039,0.02,0.059,0,0.089,0.433,0,0.02,0.03,0.02,0.02,0,0.226,0,0.03,0.039,0.226,0
Hamilton,Hamilton_fed_33.txt,0.381,0.071,0,0.071,0.372,0.062,0.071,0.115,0.018,0.284,0.098,0.08,0.124,0.018,0.018,0,0,0.035,0.08,0.08,0.027,0.027,0.115,0,0,0.027,0.284,0.035,0.231,0.284,0.115,0.089,0.009,0.062,0,0,0.106,0,0.807,0.044,0.018,0.044,0.106,0.009,0.018,0.035,0.027,0.009,0.035,0.009,0.284,1.339,0.044,0.009,0.018,0,0.133,0.576,0.009,0.08,0.027,0.035,0.035,0,0.195,0.027,0.08,0.044,0.133,0
Hamilton,Hamilton_fed_34.txt,0.284,0.041,0,0.088,0.311,0.047,0.129,0.122,0.041,0.284,0.081,0.034,0.027,0.047,0,0.007,0.014,0.014,0.176,0.081,0.014,0.041,0.108,0,0,0.034,0.339,0.014,0.108,0.129,0.074,0.041,0.027,0.027,0.007,0.047,0.095,0.007,0.934,0.074,0.054,0.02,0.074,0.041,0.02,0.041,0.02,0.027,0.02,0.02,0.284,1.232,0.068,0.007,0.047,0,0.095,0.684,0.014,0.068,0.014,0.007,0.02,0.02,0.183,0.02,0.108,0.081,0.135,0
Hamilton,Hamilton_fed_35.txt,0.296,0.046,0,0.086,0.408,0.053,0.099,0.145,0.026,0.296,0.033,0.033,0.066,0.04,0.007,0.013,0.013,0.026,0.072,0.053,0.013,0.02,0.059,0.007,0.066,0.033,0.296,0.033,0.263,0.151,0.02,0.053,0.059,0.007,0,0.033,0.125,0.007,0.863,0.053,0.026,0.013,0.079,0.02,0.026,0.066,0.04,0.007,0.02,0.053,0.244,1.199,0.125,0,0.013,0,0.079,0.652,0.007,0.059,0,0.026,0.007,0.013,0.145,0.04,0.119,0.072,0.105,0
Hamilton,Hamilton_fed_36.txt,0.236,0.055,0,0.071,0.33,0.055,0.088,0.154,0.016,0.434,0.071,0.033,0.11,0.088,0.005,0,0.027,0.011,0.066,0.121,0.016,0.049,0.121,0,0,0.022,0.341,0.022,0.187,0.176,0.093,0.082,0.055,0.055,0.011,0.022,0.077,0.005,0.978,0.033,0.033,0.011,0.154,0.011,0.016,0.027,0.005,0,0.038,0.033,0.225,1.275,0.077,0.005,0.077,0.011,0.104,0.654,0,0.033,0,0.005,0.022,0.011,0.148,0.022,0.148,0.077,0.027,0
Hamilton,Hamilton_fed_59.txt,0.382,0.023,0.008,0.179,0.257,0.086,0.047,0.117,0.062,0.343,0.117,0.039,0.132,0.047,0.008,0,0,0.047,0.101,0.093,0.016,0.047,0.171,0,0,0.023,0.475,0.039,0.132,0.195,0.093,0.132,0.07,0.016,0,0.062,0.101,0,0.888,0.047,0.031,0.016,0.055,0,0.016,0.008,0.023,0.031,0.023,0.055,0.226,1.309,0.078,0,0.047,0,0.117,0.561,0,0.023,0.008,0.016,0,0.016,0.14,0.039,0.164,0.07,0.125,0
Hamilton,Hamilton_fed_6.txt,0.323,0.035,0,0.07,0.513,0,0.105,0.133,0.042,0.126,0.084,0.014,0.077,0.014,0,0,0,0.007,0.084,0.098,0.028,0.049,0.169,0.014,0.021,0.021,0.372,0.049,0.028,0.077,0,0.021,0.056,0.007,0,0,0.112,0.007,1.075,0.014,0.021,0.007,0.133,0.028,0.007,0.014,0.021,0.028,0.014,0.042,0.155,1.11,0.091,0,0.035,0,0.07,0.372,0,0.028,0.07,0.035,0.014,0,0.148,0.049,0.042,0.077,0.042,0
Hamilton,Hamilton_fed_60.txt,0.349,0.066,0,0.079,0.217,0.079,0.066,0.125,0.053,0.441,0.013,0.02,0.138,0.026,0,0,0,0.013,0.079,0.079,0,0.02,0.04,0,0,0.02,0.494,0.033,0.178,0.25,0.066,0.066,0.026,0.04,0,0.026,0.086,0.007,0.962,0.033,0.04,0.007,0.105,0,0.013,0.033,0.04,0.02,0.026,0.046,0.303,1.416,0.092,0.007,0.046,0.007,0.112,0.573,0,0.053,0,0.013,0.033,0,0.105,0.046,0.132,0.04,0.165,0
Hamilton,Hamilton_fed_61.txt,0.315,0.02,0.01,0.049,0.217,0.049,0.089,0.167,0.118,0.365,0.089,0,0.049,0.049,0.01,0,0,0.01,0.167,0.079,0.03,0,0.118,0,0.01,0.02,0.463,0.03,0.099,0.217,0.03,0.108,0.039,0.02,0.01,0.039,0.079,0.01,1.005,0.059,0.03,0.039,0.079,0,0.02,0.069,0.02,0.02,0,0.118,0.315,1.438,0.049,0.01,0.039,0,0.128,0.591,0,0.03,0.039,0,0.02,0.02,0.118,0.039,0.069,0.069,0.167,0
Hamilton,Hamilton_fed_65.txt,0.311,0.03,0.007,0.081,0.274,0.022,0.059,0.111,0.044,0.481,0.089,0.015,0.118,0.037,0,0.007,0,0.022,0.118,0.089,0.022,0.007,0.126,0,0.081,0.007,0.355,0.022,0.111,0.2,0.022,0.052,0.052,0.015,0,0.022,0.133,0,0.969,0.037,0.044,0.007,0.133,0,0,0.022,0.037,0.03,0.03,0.037,0.17,1.539,0.037,0,0.015,0,0.111,0.599,0,0.074,0.015,0.007,0,0.007,0.178,0.074,0.207,0.089,0.155,0
Hamilton,Hamilton_fed_66.txt,0.303,0.053,0.013,0.072,0.25,0.046,0.026,0.132,0.007,0.257,0.066,0.026,0.086,0.02,0.007,0,0.02,0.02,0.112,0.072,0.013,0.072,0.086,0,0,0.079,0.454,0.013,0.191,0.197,0.026,0.053,0.079,0.033,0.007,0.033,0.138,0,1.112,0.046,0.033,0.02,0.079,0.013,0.007,0.033,0.039,0.013,0.039,0.046,0.237,1.56,0.092,0.007,0.026,0,0.118,0.546,0,0.072,0.013,0.02,0.026,0.007,0.099,0.053,0.145,0.145,0.066,0
Hamilton,Hamilton_fed_67.txt,0.203,0.035,0,0.071,0.406,0.018,0.062,0.132,0.035,0.141,0.15,0.035,0.088,0.026,0,0,0.035,0,0.071,0.044,0.026,0.106,0.185,0,0.044,0.026,0.291,0.009,0.159,0.15,0.026,0.026,0.026,0.026,0,0.026,0.097,0.009,0.927,0.026,0.026,0.044,0.044,0.009,0.044,0.009,0.062,0.009,0.018,0.044,0.141,1.448,0.026,0.009,0.018,0,0.088,0.724,0.009,0.053,0.009,0,0,0,0.221,0.053,0.026,0.106,0.044,0
Hamilton,Hamilton_fed_68.txt,0.288,0.08,0.02,0.089,0.258,0.08,0.04,0.169,0.06,0.358,0.05,0.05,0.119,0.01,0.01,0,0.01,0.02,0.149,0.109,0,0.06,0.139,0,0.06,0.04,0.398,0,0.189,0.129,0.03,0.05,0.02,0.01,0,0.02,0.109,0,0.885,0.03,0.05,0.02,0.06,0.01,0.04,0.05,0.06,0.01,0.03,0.06,0.189,1.352,0.099,0,0.01,0,0.099,0.745,0,0.02,0.109,0.02,0.01,0.01,0.149,0.129,0.129,0.08,0.07,0
Hamilton,Hamilton_fed_69.txt,0.323,0.086,0.01,0.071,0.505,0.03,0.025,0.081,0.03,0.258,0.04,0.025,0.111,0.091,0.015,0,0.015,0.02,0.091,0.061,0.005,0.061,0.086,0,0.081,0.035,0.323,0.04,0.258,0.131,0.035,0.051,0.035,0.025,0,0.051,0.056,0.005,1.162,0.03,0.056,0.035,0.071,0.005,0.03,0.03,0.01,0.005,0.02,0.061,0.227,1.415,0.03,0,0.04,0.01,0.147,0.505,0,0.061,0.04,0.015,0.01,0.02,0.101,0.025,0.03,0.086,0.126,0
Hamilton,Hamilton_fed_7.txt,0.281,0.075,0,0.094,0.319,0.044,0.044,0.119,0.063,0.288,0.05,0.006,0.175,0.019,0,0,0.019,0.006,0.081,0.069,0.044,0.025,0.144,0.019,0,0.056,0.244,0.013,0.081,0.075,0.013,0.019,0.038,0.019,0,0.019,0.088,0,0.982,0.088,0.025,0.006,0.063,0.031,0.006,0.025,0.025,0.038,0.019,0.031,0.169,1.188,0.1,0,0.025,0,0.113,0.494,0.006,0.069,0.044,0.05,0.019,0.006,0.144,0.013,0.006,0.075,0.313,0
Hamilton,Hamilton_fed_70.txt,0.298,0.028,0,0.085,0.36,0.066,0.099,0.099,0.057,0.18,0.071,0.024,0.071,0.024,0.009,0,0.009,0.009,0.114,0.081,0.024,0.047,0.137,0,0.062,0.028,0.374,0.014,0.232,0.152,0.038,0.076,0.081,0.043,0.005,0.043,0.071,0.009,0.867,0.066,0.038,0.019,0.104,0.005,0.009,0.028,0.052,0.005,0.024,0.066,0.152,1.303,0.104,0.005,0.047,0,0.066,0.564,0,0.024,0.028,0.033,0.028,0.014,0.128,0.076,0.052,0.09,0.052,0
Hamilton,Hamilton_fed_71.txt,0.378,0.017,0.009,0.077,0.335,0.06,0.043,0.138,0.069,0.327,0.043,0.026,0.129,0.017,0.009,0.017,0.009,0.026,0.086,0.12,0.034,0.043,0.077,0,0.163,0.06,0.318,0,0.12,0.206,0.026,0.086,0.052,0.026,0,0.009,0.06,0,0.851,0.06,0.06,0.017,0.138,0,0.009,0.052,0.043,0.017,0.034,0.043,0.189,1.487,0.12,0.009,0.017,0,0.034,0.645,0,0.026,0.043,0.026,0.034,0.009,0.163,0.06,0.069,0.112,0.138,0
Hamilton,Hamilton_fed_72.txt,0.378,0.029,0,0.073,0.364,0.015,0.051,0.109,0.087,0.298,0.029,0.022,0.116,0.007,0,0,0.036,0.022,0.102,0.102,0.051,0.036,0.051,0,0.247,0.029,0.255,0,0.175,0.145,0.051,0.044,0.073,0.044,0,0.044,0.095,0,0.88,0.044,0.022,0.007,0.116,0,0.007,0,0.007,0.022,0.051,0.051,0.131,1.258,0.087,0.007,0.036,0.007,0.044,0.706,0.007,0.036,0.029,0.029,0.022,0.065,0.145,0.029,0.058,0.065,0.175,0
Hamilton,Hamilton_fed_73.txt,0.375,0.044,0.006,0.051,0.261,0.07,0.051,0.07,0.064,0.305,0.089,0.032,0.172,0.019,0.013,0,0.013,0.025,0.083,0.076,0.013,0.089,0.089,0,0.159,0.013,0.375,0.025,0.184,0.178,0.057,0.076,0.064,0.006,0,0.032,0.076,0.006,0.915,0.032,0.044,0.019,0.153,0.013,0.019,0.044,0.032,0.013,0.013,0.089,0.248,1.246,0.051,0,0.019,0.006,0.153,0.521,0,0.083,0.013,0.019,0.013,0.013,0.114,0.051,0.121,0.095,0.184,0
Hamilton,Hamilton_fed_74.txt,0.379,0.015,0.029,0.102,0.336,0.044,0.044,0.117,0.029,0.35,0.029,0,0.029,0,0,0,0,0.029,0.131,0.044,0.044,0.029,0.073,0,0.015,0.029,0.336,0.015,0.16,0.175,0.044,0.102,0.015,0,0,0,0.058,0,1.211,0.015,0.044,0.015,0.175,0,0.015,0.029,0.044,0,0.044,0.029,0.19,1.43,0.029,0,0.058,0,0.088,0.511,0,0.044,0.015,0.029,0,0.073,0.16,0,0.015,0.058,0.131,0
Hamilton,Hamilton_fed_75.txt,0.402,0.039,0.008,0.077,0.247,0.015,0.054,0.124,0.015,0.216,0.077,0.031,0.124,0,0,0,0,0.008,0.054,0.077,0.008,0.054,0.124,0,0.062,0.008,0.34,0.015,0.131,0.162,0.046,0.031,0.031,0.023,0.008,0.015,0.093,0.015,1.152,0.039,0.031,0.031,0.07,0.015,0.046,0,0.046,0.015,0.015,0.062,0.271,1.515,0.015,0.008,0.023,0,0.1,0.68,0,0.039,0.015,0,0,0.023,0.131,0.015,0.046,0.108,0.209,0
Hamilton,Hamilton_fed_76.txt,0.358,0.023,0.008,0.101,0.358,0.039,0.023,0.117,0.031,0.452,0.062,0.016,0.156,0.008,0.008,0.008,0.016,0.031,0.062,0.078,0.016,0.039,0.125,0,0.125,0.008,0.35,0,0.156,0.14,0.047,0.055,0.039,0.039,0,0.031,0.109,0,0.903,0.031,0.062,0.023,0.179,0.008,0.055,0.008,0.016,0.031,0.039,0.055,0.265,1.199,0.055,0.008,0.031,0,0.093,0.623,0.008,0.062,0.008,0.016,0.016,0.016,0.117,0.093,0.156,0.055,0.179,0
Hamilton,Hamilton_fed_77.txt,0.466,0.068,0.015,0.143,0.278,0.045,0.045,0.113,0.045,0.286,0.068,0.023,0.12,0.06,0.008,0,0,0,0.143,0.098,0.023,0.06,0.098,0,0.045,0.015,0.413,0,0.158,0.18,0.038,0.015,0.053,0.03,0.008,0.015,0.045,0.008,1.089,0.023,0.03,0.03,0.068,0,0.023,0.015,0.03,0.045,0.03,0.045,0.24,1.27,0.083,0,0.023,0,0.113,0.518,0.008,0.068,0.015,0.015,0.06,0.03,0.113,0.023,0.075,0.045,0.24,0
Hamilton,Hamilton_fed_78.txt,0.275,0.034,0.005,0.077,0.338,0.043,0.063,0.13,0.014,0.319,0.043,0.058,0.116,0.087,0.014,0.005,0.01,0.034,0.068,0.13,0.014,0.029,0.092,0,0.01,0.029,0.309,0.01,0.237,0.193,0.058,0.077,0.019,0.068,0,0.082,0.087,0.014,0.904,0.048,0.034,0.034,0.092,0.01,0.014,0.024,0.029,0.01,0.034,0.048,0.324,1.435,0.155,0.01,0.048,0.005,0.101,0.609,0,0.039,0.01,0.005,0.01,0.005,0.159,0.024,0.053,0.058,0.092,0
Hamilton,Hamilton_fed_79.txt,0.27,0.028,0,0.014,0.327,0.114,0.085,0.057,0.071,0.427,0.071,0.014,0.057,0.1,0.014,0,0,0.028,0.213,0.1,0,0.114,0.085,0,0.014,0.028,0.47,0.014,0.157,0.142,0.028,0.085,0.071,0.028,0,0.043,0.114,0,0.783,0.071,0.014,0.043,0.057,0.028,0.057,0.028,0.014,0.028,0.071,0.1,0.256,1.11,0.171,0.014,0.028,0,0.057,0.583,0,0.028,0.014,0,0,0.014,0.171,0.057,0.085,0.057,0.071,0
Hamilton,Hamilton_fed_8.txt,0.318,0.064,0.007,0.085,0.381,0.014,0.099,0.113,0.078,0.247,0.113,0.056,0.078,0.007,0,0,0.007,0.021,0.064,0.064,0.021,0.056,0.127,0.007,0,0.028,0.282,0.035,0.148,0.12,0.071,0.056,0.056,0.021,0,0.021,0.085,0.007,0.96,0.078,0.042,0.014,0.12,0.035,0,0.035,0.035,0.014,0.035,0.021,0.127,0.953,0.106,0,0,0.007,0.099,0.55,0.021,0.021,0.007,0,0,0,0.183,0,0.078,0.092,0.191,0
Hamilton,Hamilton_fed_80.txt,0.215,0.108,0.006,0.048,0.37,0.036,0.119,0.108,0.018,0.287,0.084,0.012,0.072,0.03,0.006,0.012,0.018,0.012,0.072,0.036,0.006,0.036,0.114,0,0.012,0.018,0.269,0.006,0.137,0.137,0.048,0.084,0.012,0.006,0,0.03,0.09,0.006,0.986,0.054,0.03,0.006,0.131,0.006,0.03,0.018,0.024,0.048,0.036,0.024,0.149,1.368,0.036,0.006,0.03,0.012,0.036,0.609,0.006,0.036,0.018,0.012,0.024,0,0.257,0,0.096,0.066,0.06,0
Hamilton,Hamilton_fed_81.txt,0.32,0.042,0,0.085,0.328,0.058,0.058,0.177,0.027,0.328,0.085,0.042,0.123,0.023,0.004,0,0.012,0.035,0.081,0.073,0.015,0.046,0.089,0,0,0.019,0.494,0.008,0.235,0.208,0.035,0.096,0.015,0.012,0.008,0.031,0.096,0.023,0.961,0.062,0.039,0.023,0.081,0.015,0.027,0.031,0.019,0.019,0.05,0.023,0.185,1.404,0.042,0.004,0.054,0,0.116,0.606,0.004,0.05,0.008,0.012,0.008,0.008,0.158,0.019,0.116,0.054,0.081,0
Hamilton,Hamilton_fed_82.txt,0.211,0.057,0,0.096,0.374,0.01,0.105,0.144,0.019,0.326,0.01,0.019,0.038,0.048,0.01,0.01,0.01,0.038,0.038,0.125,0,0,0.067,0,0,0.01,0.364,0.01,0.144,0.086,0.038,0.134,0.01,0.019,0,0.029,0.125,0.01,0.9,0,0.067,0.048,0.125,0.01,0.077,0.048,0.01,0.01,0.038,0.029,0.182,1.465,0.057,0.019,0,0,0.105,0.776,0,0.038,0.01,0.01,0.01,0,0.172,0,0.067,0.057,0.105,0
Hamilton,Hamilton_fed_83.txt,0.354,0.068,0.005,0.052,0.302,0.042,0.112,0.127,0.047,0.273,0.094,0.042,0.213,0.016,0.01,0,0.008,0.029,0.088,0.049,0.013,0.057,0.14,0.013,0.003,0.049,0.499,0.005,0.299,0.213,0.055,0.042,0.06,0.039,0.013,0.055,0.091,0.016,0.853,0.047,0.047,0.023,0.068,0.016,0.013,0.023,0.018,0.021,0.023,0.042,0.309,1.165,0.039,0.003,0.049,0,0.135,0.557,0,0.052,0.01,0.005,0.005,0.003,0.205,0.026,0.062,0.075,0.125,0
Hamilton,Hamilton_fed_84.txt,0.248,0.05,0.014,0.054,0.292,0.108,0.115,0.119,0.036,0.338,0.065,0.047,0.108,0.04,0.014,0,0.011,0.022,0.09,0.065,0.007,0.068,0.094,0,0.014,0.022,0.306,0.007,0.238,0.176,0.025,0.094,0.018,0.043,0.004,0.083,0.108,0.025,1.03,0.072,0.014,0.032,0.076,0.014,0.079,0.004,0.022,0.004,0.029,0.058,0.302,1.303,0.086,0.004,0.043,0.011,0.094,0.479,0.004,0.047,0.025,0.025,0.025,0.018,0.187,0.025,0.137,0.05,0.065,0
Hamilton,Hamilton_fed_85.txt,0.371,0.072,0.011,0.105,0.388,0.067,0.072,0.111,0.033,0.188,0.094,0.022,0.055,0.055,0.006,0,0,0.039,0.061,0.05,0.011,0.083,0.127,0,0.039,0.011,0.394,0.011,0.211,0.188,0.033,0.089,0.028,0.089,0.039,0.067,0.111,0.017,0.953,0.1,0.044,0.006,0.067,0.028,0.017,0.022,0.028,0.011,0.028,0.028,0.188,1.275,0.039,0.011,0.039,0,0.05,0.621,0.006,0.067,0,0.011,0.017,0.006,0.233,0.055,0.089,0.044,0.033,0.022
Hamilton,Hamilton_fed_9.txt,0.328,0.058,0.007,0.087,0.313,0.029,0.102,0.138,0.073,0.189,0.109,0.029,0.095,0.007,0,0,0.007,0.015,0.073,0.044,0.036,0.087,0.175,0,0.029,0.007,0.262,0.036,0.117,0.124,0.036,0.036,0.044,0.007,0,0.015,0.095,0.015,1.13,0.066,0.073,0.022,0.08,0,0.029,0.022,0.022,0.007,0.029,0.007,0.182,1.151,0.102,0.007,0.022,0,0.087,0.503,0,0.029,0.015,0.058,0,0,0.182,0.022,0.051,0.102,0.058,0
HM,HM_fed_18.txt,0.229,0.04,0,0.034,0.532,0.013,0.013,0.081,0.027,0.04,0.027,0.04,0.202,0,0,0,0,0,0.047,0.061,0.141,0,0.034,0.034,0.054,0,0.263,0.034,0.067,0.128,0.061,0,0.067,0,0,0.013,0.04,0.02,0.91,0.108,0.034,0.02,0.027,0,0,0.007,0.013,0.007,0.027,0.047,0.141,1.415,0.141,0.013,0.013,0,0.081,0.364,0.013,0.007,0.189,0.108,0,0.02,0.081,0.074,0.007,0.074,0.04,0
HM,HM_fed_19.txt,0.186,0.034,0,0.062,0.566,0.041,0.117,0.069,0.034,0.097,0.028,0,0.152,0.007,0.007,0,0.007,0.014,0.048,0.103,0.076,0.048,0.076,0,0.117,0.014,0.214,0.028,0.11,0.117,0.083,0.034,0.041,0.014,0.007,0.041,0.028,0,0.869,0.11,0.062,0.007,0.062,0,0.014,0,0.021,0.021,0.048,0.021,0.083,1.29,0.076,0.007,0,0,0.069,0.407,0.014,0,0.09,0.034,0.007,0,0.214,0.041,0.007,0.145,0.028,0
HM,HM_fed_20.txt,0.225,0.054,0.018,0.045,0.494,0,0.117,0.09,0.072,0.063,0.009,0.045,0.171,0.009,0,0,0,0.009,0.162,0.162,0.027,0.09,0.09,0.027,0.09,0.009,0.27,0.027,0.135,0.081,0.018,0.018,0.018,0.027,0.009,0.018,0.036,0.018,0.737,0.063,0.036,0.018,0.072,0.018,0,0,0.018,0.036,0.018,0.045,0.081,1.096,0.18,0.009,0,0,0.045,0.377,0,0.009,0.063,0,0,0.027,0.117,0.027,0.036,0.072,0.009,0
Jay,Jay_fed_2.txt,0.236,0.026,0.017,0.009,0.733,0.009,0.052,0.131,0.087,0.131,0.07,0.044,0.087,0,0,0,0,0.017,0.113,0.044,0.035,0.052,0.148,0,0,0.026,0.288,0.052,0.14,0.279,0.044,0.035,0.044,0.035,0.009,0.009,0.079,0.026,0.724,0.07,0.087,0.044,0.079,0.035,0.009,0.035,0.044,0.035,0.017,0.044,0.34,0.942,0.183,0.009,0,0,0.096,0.427,0,0.009,0.07,0.061,0.017,0.026,0.096,0.07,0.017,0.096,0.044,0
Jay,Jay_fed_3.txt,0.13,0.04,0.03,0.03,0.601,0.05,0.08,0.221,0,0.311,0.02,0.05,0.18,0.03,0.01,0,0.01,0,0.11,0.15,0,0.05,0.07,0,0.02,0.06,0.241,0,0.06,0.19,0.01,0.06,0.13,0,0,0.02,0.12,0,0.621,0.06,0.08,0.04,0.321,0,0,0.04,0.03,0.02,0.05,0.08,0.19,0.842,0.11,0.01,0.01,0,0.06,0.551,0,0,0,0.01,0,0.01,0.11,0.03,0.241,0.1,0.01,0
Jay,Jay_fed_4.txt,0.135,0.036,0.018,0.027,0.821,0.045,0.099,0.172,0.018,0.235,0.018,0.045,0.126,0.072,0.018,0,0,0,0.108,0.072,0.027,0.009,0.081,0,0.018,0.099,0.199,0.09,0.09,0.208,0.081,0.09,0.117,0,0,0.009,0.126,0,0.65,0.099,0.108,0.036,0.217,0.162,0.054,0.009,0.045,0.018,0.072,0.081,0.144,0.758,0.172,0,0.027,0,0.009,0.451,0,0,0.009,0.009,0.054,0.036,0.09,0.009,0.135,0.09,0.144,0
Jay,Jay_fed_5.txt,0.096,0.032,0.021,0.021,0.764,0.032,0.032,0.032,0.042,0.329,0,0.042,0.106,0.011,0,0,0.021,0,0.064,0.117,0,0,0.011,0.074,0,0.032,0.297,0.074,0.074,0.191,0.032,0.021,0.117,0.032,0,0.011,0.085,0,0.562,0.053,0.106,0.032,0.096,0.074,0.011,0.032,0.032,0.021,0.032,0.096,0.244,0.669,0.106,0.021,0,0,0.042,0.435,0,0,0.032,0.064,0.021,0,0.106,0.032,0.074,0.117,0.382,0.032
Jay,Jay_fed_64.txt,0.202,0.046,0.013,0.039,0.657,0.052,0.163,0.228,0.033,0.371,0.026,0.065,0.182,0.052,0.013,0,0.007,0.013,0.085,0.072,0.02,0.033,0.124,0,0.007,0.046,0.332,0.007,0.104,0.156,0,0.078,0.026,0.039,0,0.026,0.13,0.007,0.638,0.091,0.026,0.065,0.091,0.059,0.013,0.091,0.072,0.013,0.085,0.013,0.299,1.061,0.137,0,0.033,0.007,0.059,0.553,0,0,0.013,0,0,0.033,0.091,0.117,0.163,0.072,0.046,0
Madison,Madison_fed_10.txt,0.359,0.02,0,0.069,0.59,0.02,0.133,0.093,0.039,0.3,0.044,0.044,0.177,0.02,0,0,0,0.01,0.088,0.049,0.005,0.02,0.079,0,0.039,0.02,0.29,0.044,0.201,0.197,0.044,0.079,0.059,0.049,0,0.02,0.069,0,0.772,0.084,0.039,0.01,0.108,0.039,0.005,0,0.015,0.015,0.039,0.064,0.152,1.204,0.103,0.01,0.02,0,0.054,0.482,0.005,0,0.01,0,0.025,0.005,0.192,0.044,0.147,0.049,0.029,0
Madison,Madison_fed_14.txt,0.221,0.034,0.007,0.062,0.407,0.021,0.048,0.159,0.048,0.31,0.062,0.021,0.124,0.055,0,0,0.014,0.007,0.138,0.076,0.014,0.055,0.11,0.021,0,0.014,0.269,0.014,0.166,0.179,0.048,0.11,0.055,0.014,0.014,0.062,0.09,0.014,0.862,0.11,0.028,0.028,0.076,0.083,0,0.014,0.041,0.048,0.007,0.034,0.221,1.352,0.131,0,0,0,0.09,0.483,0,0,0.021,0.014,0.014,0,0.276,0.007,0.179,0.048,0.034,0.034
Madison,Madison_fed_37.txt,0.29,0.048,0.016,0.048,0.523,0.011,0.095,0.148,0.011,0.248,0.127,0.048,0.158,0.011,0.005,0,0.011,0.016,0.063,0.1,0.016,0.053,0.137,0.005,0.026,0.005,0.311,0.026,0.158,0.158,0.037,0.095,0.037,0.111,0,0.026,0.095,0,0.85,0.095,0.032,0.053,0.069,0.032,0,0.053,0.042,0.021,0.021,0.026,0.243,1.135,0.121,0.005,0.005,0,0.09,0.433,0,0.005,0.011,0.016,0.005,0.005,0.232,0.016,0.053,0.084,0.032,0
Madison,Madison_fed_38.txt,0.378,0.032,0.014,0.072,0.401,0.041,0.081,0.126,0.027,0.23,0.068,0.077,0.162,0.041,0.005,0,0.005,0.009,0.095,0.086,0.027,0.054,0.095,0.032,0.081,0.023,0.27,0.032,0.216,0.198,0.027,0.041,0.045,0.018,0,0.054,0.144,0.009,0.856,0.063,0.054,0.009,0.077,0.009,0.014,0.045,0.032,0.045,0.05,0.05,0.252,1.18,0.113,0.005,0.009,0,0.09,0.523,0,0.018,0.054,0.041,0,0.009,0.117,0.063,0.054,0.09,0.063,0
Madison,Madison_fed_39.txt,0.3,0.074,0.006,0.034,0.346,0.023,0.113,0.187,0.04,0.295,0.045,0.057,0.187,0.006,0,0,0,0.034,0.079,0.125,0,0.051,0.017,0,0.006,0.011,0.351,0.017,0.323,0.215,0.113,0.034,0.034,0.028,0,0.04,0.125,0.011,0.89,0.125,0.074,0.034,0.079,0.011,0,0.006,0.028,0.011,0.023,0.045,0.153,1.552,0.091,0.017,0,0.006,0.119,0.516,0,0,0.011,0.011,0.006,0.006,0.153,0,0.085,0.068,0.045,0
Madison,Madison_fed_40.txt,0.25,0.043,0.014,0.058,0.461,0.01,0.062,0.144,0.034,0.259,0.096,0.019,0.264,0.014,0,0,0.024,0.038,0.111,0.062,0.067,0.048,0.125,0,0.014,0.034,0.298,0.034,0.139,0.144,0.019,0.024,0.019,0.014,0,0.038,0.091,0.01,0.769,0.062,0.038,0.019,0.043,0.005,0.029,0.053,0.062,0.034,0.053,0.024,0.298,1.259,0.168,0.019,0.01,0,0.082,0.557,0,0,0.058,0.091,0.019,0.014,0.139,0.043,0.024,0.072,0.029,0
Madison,Madison_fed_41.txt,0.302,0.063,0.004,0.084,0.369,0.025,0.063,0.13,0.021,0.311,0.084,0.025,0.139,0.038,0.008,0.004,0.017,0.055,0.143,0.092,0.017,0.076,0.109,0.055,0.013,0.038,0.248,0.029,0.143,0.164,0.063,0.097,0.05,0.063,0,0.025,0.071,0.013,0.856,0.097,0.034,0.025,0.088,0.025,0.017,0,0.038,0.004,0.025,0.055,0.172,1.293,0.055,0.008,0.004,0.004,0.088,0.495,0,0,0.013,0.021,0.017,0.004,0.151,0.034,0.105,0.063,0.038,0
Madison,Madison_fed_42.txt,0.24,0.042,0,0.078,0.491,0.057,0.047,0.115,0.016,0.25,0.099,0.026,0.162,0.016,0.005,0,0.005,0.037,0.11,0.052,0.021,0.068,0.104,0,0.005,0.016,0.303,0.042,0.204,0.12,0.047,0.089,0.005,0.021,0,0.042,0.115,0,0.96,0.115,0.037,0.037,0.078,0.01,0.047,0,0.042,0.005,0.042,0.021,0.167,1.247,0.063,0.005,0.01,0,0.083,0.47,0,0.01,0.016,0.016,0.005,0.01,0.141,0.021,0.031,0.083,0.078,0
Madison,Madison_fed_43.txt,0.38,0.051,0.013,0.051,0.333,0.034,0.064,0.154,0.026,0.333,0.06,0.03,0.205,0.038,0.009,0,0.013,0.038,0.119,0.026,0.013,0.047,0.09,0.004,0,0.021,0.213,0.03,0.141,0.196,0.064,0.094,0.034,0.034,0,0.06,0.111,0.004,0.951,0.137,0.055,0.026,0.09,0.004,0.03,0.038,0.026,0.009,0.051,0.043,0.209,1.395,0.043,0,0.009,0,0.077,0.431,0,0,0.034,0.004,0.026,0.013,0.145,0.021,0.081,0.068,0.051,0
Madison,Madison_fed_44.txt,0.212,0.101,0.01,0.051,0.44,0.076,0.066,0.136,0.02,0.273,0.096,0.035,0.142,0.035,0.01,0,0.005,0.066,0.101,0.045,0.02,0.035,0.167,0,0.01,0.03,0.298,0.056,0.142,0.081,0.03,0.03,0.051,0.03,0,0.066,0.076,0.01,0.864,0.147,0.025,0.02,0.182,0,0.076,0.02,0.03,0.025,0.035,0.04,0.142,1.501,0.045,0,0.01,0.005,0.116,0.399,0,0,0.02,0.01,0.01,0,0.152,0.01,0.051,0.091,0.147,0
Madison,Madison_fed_45.txt,0.136,0.054,0.014,0.048,0.422,0.027,0.048,0.15,0.027,0.354,0.041,0.02,0.075,0,0,0,0.007,0.034,0.082,0.054,0.014,0.027,0.116,0,0.007,0.034,0.252,0.02,0.15,0.116,0.041,0.061,0.095,0.041,0.007,0.041,0.068,0,0.98,0.054,0.027,0.007,0.054,0.027,0,0.014,0.007,0.007,0.014,0.061,0.204,1.803,0.048,0.014,0.014,0,0.034,0.442,0,0,0.02,0.027,0.007,0,0.116,0.007,0.218,0.102,0.075,0
Madison,Madison_fed_46.txt,0.212,0.028,0.006,0.05,0.391,0.033,0.073,0.117,0.033,0.402,0.028,0.045,0.112,0.039,0.006,0,0.011,0.022,0.056,0.05,0.017,0.022,0.084,0,0,0.017,0.251,0.017,0.039,0.151,0.033,0.073,0.061,0.05,0,0.022,0.112,0.006,0.91,0.156,0.045,0.033,0.078,0,0,0.05,0.006,0.006,0.033,0.061,0.212,1.613,0.162,0,0,0.006,0.045,0.469,0.006,0,0.067,0.011,0.022,0,0.128,0.028,0.223,0.095,0.162,0
Madison,Madison_fed_47.txt,0.177,0.052,0.047,0.047,0.436,0.026,0.135,0.083,0.036,0.182,0.073,0.026,0.218,0.047,0.005,0.01,0.021,0.021,0.036,0.057,0.016,0.088,0.073,0,0.052,0.016,0.27,0.005,0.218,0.088,0.052,0.042,0.047,0.005,0,0.073,0.062,0,0.961,0.099,0.073,0.01,0.088,0,0.036,0.01,0.021,0.016,0.01,0.026,0.171,1.522,0.005,0.01,0.01,0,0.104,0.333,0,0,0.021,0.021,0.01,0.01,0.114,0.031,0.016,0.099,0.021,0
Madison,Madison_fed_48.txt,0.243,0.091,0.008,0.084,0.372,0.008,0.046,0.137,0.03,0.235,0.091,0.023,0.213,0.03,0,0,0,0.023,0.114,0.091,0.076,0.046,0.076,0,0.023,0.008,0.304,0.023,0.213,0.129,0.061,0.046,0.061,0.008,0,0.038,0.099,0,0.744,0.114,0.053,0.008,0.084,0.023,0.023,0.046,0.038,0.046,0,0.03,0.205,1.184,0.099,0,0.008,0,0.099,0.41,0.008,0,0.023,0.023,0.008,0,0.213,0.038,0.076,0.061,0.023,0
Madison,Madison_fed_58.txt,0.347,0.097,0.007,0.056,0.313,0.035,0.049,0.132,0.035,0.361,0.097,0.035,0.153,0.035,0.007,0,0.014,0.056,0.083,0.063,0.014,0.076,0.125,0,0.007,0.035,0.368,0.014,0.118,0.111,0.042,0.069,0.09,0.021,0.007,0.035,0.097,0,0.806,0.118,0.028,0.035,0.069,0,0.021,0.007,0.007,0.028,0.028,0.035,0.222,1.389,0.09,0,0.007,0,0.076,0.41,0,0,0.007,0.007,0,0.014,0.188,0.035,0.257,0.083,0.083,0
